login,senha,udi,nome,ativo
APM,APM,APM,Responsavel APM,Sim
COMAVE,COMAVE,COMAVE,Responsavel COMAVE,Sim
CPE,CPE,CPE,Responsavel CPE,Sim
DAL,DAL,DAL,Responsavel DAL,Sim
DCO,DCO,DCO,Responsavel DCO,Sim
DEE,DEE,DEE,Responsavel DEE,Sim
DF,DF,DF,Responsavel DF,Sim
DINT,DINT,DINT,Responsavel DINT,Sim
DOP,DOP,DOP,Responsavel DOP,Sim
DRH,DRH,DRH,Responsavel DRH,Sim
DS,DS,DS,Responsavel DS,Sim
DTS,DTS,DTS,Responsavel DTS,Sim
GCG,GCG,GCG,Responsavel GCG,Sim
PM1,PM1,PM1,Responsavel PM1,Sim
PM2,PM2,PM2,Responsavel PM2,Sim
PM3,PM3,PM3,Responsavel PM3,Sim
PM4,PM4,PM4,Responsavel PM4,Sim
PM5,PM5,PM5,Responsavel PM5,Sim
PM6,PM6,PM6,Responsavel PM6,Sim
